"","id","long","lat","meanNov","stdNov","meanH0","stdH0","meanH1","stdH1","meanNovT","stdNovT","H0q","meanH0Out","H1q","meanH1Out","Novq","meanNovOut","NovTq","meanNovTOut","colCount","sum","protected"
"1","29",-94.5579,44.8036,0.182883160600745,0.0240457616291692,15,1.86870682866631,8.37638704285177,0.85903855144844,0.188385662556013,0.0253511493198243,0.846292840164151,TRUE,0.932752828795289,TRUE,0.711366533325955,TRUE,0.592256106781859,FALSE,1,3.08266830906725,FALSE
"2","238",-93.703889,46.128056,0.180613134421258,0.0273093388195971,13,1.48784967741854,6.07541448284648,0.695887546140122,0.195205395455423,0.0282432726399317,0.603518256066325,FALSE,0.657583955657366,FALSE,0.694351507092947,FALSE,0.646913380884127,FALSE,0,2.60236709970077,TRUE
"3","245",-93.183333,45.425,0.173473087004871,0.0275172559682952,14,1.96588922166401,6.40351423350002,0.792325474330287,0.191195436551111,0.0269996822946499,0.740900825731739,FALSE,0.717801637773445,FALSE,0.636974957682834,FALSE,0.615242478295676,FALSE,0,2.71091989948369,FALSE
"4","266",-94.970775,47.559175,0.172010083787853,0.0294516491375145,10,1.30728864172039,2.66906811373982,0.305249446335676,0.204064612933477,0.0316930589103424,0.170284970649952,FALSE,0.02784228089093,FALSE,0.624535222029404,FALSE,0.711592883978766,TRUE,1,1.53425535754905,TRUE
"5","269",-94.551555,46.27058,0.146911664558978,0.0241324455769307,11,1.42337836357229,5.07700176233274,0.530958419366838,0.166973238286117,0.0268944165520843,0.295995182347952,FALSE,0.438917331874537,FALSE,0.387173662177124,FALSE,0.403001382707943,FALSE,0,1.52508755910756,FALSE
"6","274",-93.666667,47.133333,0.154093229902676,0.0271597265515905,12,1.73766579302809,4.10999260962125,0.561165480334722,0.175306559389141,0.0285066357770185,0.44780464749163,FALSE,0.220213587440467,FALSE,0.457883824302903,FALSE,0.478564038034163,FALSE,0,1.60446609726916,TRUE
"7","292",-95.162675,47.1775,0.144101832719409,0.0244729214699134,11,1.55128095613574,4.69521311816878,0.55544675116991,0.166104282048249,0.0267846516800919,0.295995182347952,FALSE,0.349301836936594,FALSE,0.359620176155857,FALSE,0.395110120392356,FALSE,0,1.40002731583276,TRUE
"8","307",-93.545105,44.95769,0.159269974151962,0.0257344514262232,12,1.7497762793137,4.93963387646832,0.631486483046159,0.166957610653229,0.0281204186303091,0.44780464749163,FALSE,0.406592804104992,FALSE,0.508144280685612,FALSE,0.402859394512283,FALSE,0,1.76540112679452,FALSE
"9","327",-93.497645,44.70722,0.161745585821644,0.0281300063248022,11,1.70333268153567,4.60454116999226,0.601299156783417,0.169987219051811,0.028772313568473,0.295995182347952,FALSE,0.328330327149606,FALSE,0.53171645822901,FALSE,0.43040383772459,FALSE,0,1.58644580545116,FALSE
"10","478",-93.42973,43.12507,0.140012059183349,0.0245342971494465,13,1.44054202773761,6.53634397881364,0.676791665131399,0.179729356116945,0.0255551932881678,0.603518256066325,FALSE,0.740111717001179,TRUE,0.320053701876978,FALSE,0.518003483277352,FALSE,0,2.18168715822183,TRUE
"11","485",-93.27,42.02,0.149149704299355,0.025570588406055,11,1.19792663155442,5.13129850219848,0.469139394631302,0.179896058986789,0.0302814132633906,0.295995182347952,FALSE,0.451656060451529,FALSE,0.409223497229623,FALSE,0.519474084301419,FALSE,0,1.67634882433052,TRUE
"12","531",-91.475,45.275,0.15973059280639,0.0279840982509128,12,1.80757390876837,5.12242512680853,0.631006590250765,0.175954752507868,0.0286053649461935,0.44780464749163,FALSE,0.449576700096599,FALSE,0.512557170273986,FALSE,0.484388759591961,FALSE,0,1.89432727745418,FALSE
"13","762",-93.508333,45.333333,0.154415360884961,0.0264105741245296,12,1.75307835094334,5.34517630135629,0.675905956620966,0.161952010754556,0.0266009862927867,0.44780464749163,FALSE,0.501325866959811,FALSE,0.461039797056755,FALSE,0.357596264427806,FALSE,0,1.767766575936,TRUE
"14","767",-93.619035,44.47012,0.18011907988843,0.0259997322870677,13,1.62364509599433,5.51136584122458,0.637306453597528,0.17400467328743,0.0274847770269424,0.603518256066325,FALSE,0.539038416424068,FALSE,0.690567762365966,FALSE,0.466828927364527,FALSE,0,2.29995336222089,FALSE
"15","799",-93.16449,44.75815,0.156069094131261,0.0264680161864201,12,1.80642658435376,4.98085528274939,0.660189158205544,0.161768506051967,0.0276747274236237,0.44780464749163,FALSE,0.416299197538216,FALSE,0.477191615454662,FALSE,0.355949270696412,FALSE,0,1.69724473118092,FALSE
"16","801",-94.753333,46.218889,0.160172289812013,0.0249680062663307,13,1.51465174922305,7.14348275668843,0.743766659679002,0.176263004857236,0.0272994757045767,0.603518256066325,FALSE,0.826564760769788,TRUE,0.516777682789346,FALSE,0.487154064790408,FALSE,0,2.43401476441587,FALSE
"17","824",-94.42074,44.945765,0.219213509345838,0.0287497120860656,18,1.94409953705666,8.73448566973552,1.17561033216606,0.251182341190883,0.0276776678363552,0.98198646968728,TRUE,0.950329707099681,TRUE,0.901021407287353,TRUE,0.924428294420123,TRUE,2,3.75776587849444,FALSE
"18","1078",-94.133333,46.55,0.164874743963544,0.0275207197303666,12,1.69831535841249,3.73554798223423,0.48203128469162,0.176252815084199,0.0281076645545688,0.44780464749163,FALSE,0.149779912175613,FALSE,0.560934251516651,FALSE,0.487062703405226,FALSE,0,1.64558151458912,FALSE
"19","1119",-93.643611,47.135556,0.175889659006039,0.0336668307961245,12,1.4128689264801,4.65916894784088,0.53790478960131,0.233532491207169,0.0300348810142884,0.44780464749163,FALSE,0.340938721136345,FALSE,0.657028738705783,FALSE,0.868979422403945,TRUE,1,2.3147515297377,TRUE
"20","1128",-92.716944,46.416944,0.141885465468659,0.0277137506718449,10,1.6439190993097,3.2661630159393,0.452909815317917,0.166611476292868,0.0313568256474707,0.170284970649952,FALSE,0.0810477113696499,FALSE,0.338075791012778,FALSE,0.399715110678651,FALSE,0,0.989123583711031,FALSE
"21","1410",-90.35,45.3,0.189293887141878,0.0339774492428532,12,1.49069650965565,5.65667017400258,0.553322044038738,0.204798954201757,0.0380425237947441,0.44780464749163,FALSE,0.571130008318359,FALSE,0.756065716521125,TRUE,0.716604918470653,TRUE,1,2.49160529080177,FALSE
"22","1483",-93.12255,44.77085,0.149361866035609,0.0246777868623913,11,1.38171472760997,5.64805537615699,0.575841911205436,0.169906865500823,0.0252334387812231,0.295995182347952,FALSE,0.569253615510151,FALSE,0.411315635353348,FALSE,0.42967336666609,FALSE,0,1.70623779987754,FALSE
"23","1510",-92.587195,46.714235,0.13940817738363,0.0273112082211212,9,1.01105819394201,4.62812434729748,0.492620824677286,0.177303813990616,0.0296643106521531,0.0831755981997438,FALSE,0.333762877020236,FALSE,0.314288969248415,FALSE,0.49646685872404,FALSE,0,1.22769430319243,TRUE
"24","1548",-93.15975,44.79985,0.147866695006591,0.0261532423429446,12,1.52278428485147,5.32038951295748,0.671578276307202,0.158155176455995,0.0244525588882293,0.44780464749163,FALSE,0.495624940913366,FALSE,0.396576609092572,FALSE,0.323799211728107,FALSE,0,1.66380540922568,TRUE
"25","1582",-93.364167,45.749444,0.167389108667965,0.023441205277811,14,1.55204888761183,5.9459129554787,0.648188729844096,0.17260074162639,0.0253298461193361,0.740900825731739,FALSE,0.631914755580455,FALSE,0.583864897570678,FALSE,0.454128918381921,FALSE,0,2.41080939726479,FALSE
"26","1586",-92.823905,45.04816,0.162983018034747,0.0263190915434698,13,1.56015492242891,5.33977624979322,0.637942286273387,0.166682349415661,0.0282980796355555,0.603518256066325,FALSE,0.500085354000986,FALSE,0.543354031710963,FALSE,0.40035882481824,FALSE,0,2.04731646659651,FALSE
"27","1590",-93.600465,47.286,0.167153832022557,0.0252379453960351,13,1.29917828527202,5.36567283807613,0.549345620684471,0.183209736352548,0.0264151173648395,0.603518256066325,FALSE,0.506026553515406,FALSE,0.581741701340407,FALSE,0.548408742923502,FALSE,0,2.23969525384564,TRUE
"28","1593",-91.483333,45.283333,0.164176420494682,0.0289977362077956,12,1.78830582313982,5.04719721560561,0.662153917950574,0.179079757089961,0.0287419478872294,0.44780464749163,FALSE,0.431912023461331,FALSE,0.554475640490028,FALSE,0.512260576999093,FALSE,0,1.94645288844208,FALSE
"29","1598",-91.11254,48.142555,0.146625114311805,0.0293706693454105,9,1.71700390536197,3.06378823307653,0.418004769933285,0.181765104323751,0.0324607304023423,0.0831755981997438,FALSE,0.0588216952155414,FALSE,0.384355152051963,FALSE,0.535867330300868,FALSE,0,1.06221977576812,TRUE
"30","1645",-91.45,45.3,0.15950610542978,0.0280748109490206,12,1.73224363259676,5.31528521778293,0.556408422516676,0.186244289209748,0.0288191492764083,0.44780464749163,FALSE,0.494448828927996,FALSE,0.510407950227594,FALSE,0.574336925253988,FALSE,0,2.02699835190121,FALSE
"31","1652",-94.943965,47.173975,0.187535006554312,0.0254250653453613,13,1.27659226224998,8.01184879893808,0.767130908748407,0.207248413668014,0.0280076635798363,0.603518256066325,FALSE,0.909567248615893,TRUE,0.744300096434327,TRUE,0.732921683044866,TRUE,1,2.99030728416141,TRUE
"32","1676",-97.350125,44.98419,0.200741923420496,0.0310984234678784,15,1.7234671672392,7.41762449920189,0.839842863918722,0.307861953583663,0.034082858367789,0.846292840164151,TRUE,0.857550150466718,TRUE,0.823453627325107,TRUE,0.990782665483175,TRUE,2,3.51807928343915,FALSE
"33","1701",-95.007715,47.244755,0.16826323814298,0.0278775988184554,12,1.59121930376056,6.14428180741565,0.684723312275684,0.18111699081724,0.0256486333452497,0.44780464749163,FALSE,0.67080935747018,FALSE,0.591710662873677,FALSE,0.530203180946513,FALSE,0,2.240527848782,TRUE
"34","1721",-94.75542,46.858935,0.167152332428554,0.0265698540470479,14,1.63134500858587,4.96331129717186,0.666113168770109,0.18505690694912,0.0282733555566676,0.740900825731739,FALSE,0.412168144921832,FALSE,0.58172815324916,FALSE,0.564262558590706,FALSE,0,2.29905968249344,FALSE
"35","1729",-93.3853,47.982605,0.134985361280819,0.0249761972366863,10,1.4428295491184,4.29448573238333,0.52804834200836,0.163782828973187,0.0286427252896137,0.170284970649952,FALSE,0.258969199664848,FALSE,0.272900186321741,FALSE,0.374085934050161,FALSE,0,1.0762402906867,TRUE
"36","1766",-95.2,43.333333,0.181182433301197,0.0306385329914132,14,1.85065824992139,6.05381578122269,0.715479448526846,0.234299961709157,0.0311043161034558,0.740900825731739,FALSE,0.653374351604038,FALSE,0.698675998800084,TRUE,0.871930066157625,TRUE,1,2.96488124229349,FALSE
"37","1771",-93.68,46.068333,0.150244825921484,0.0259158192183237,12,1.72815844811817,4.94771099679714,0.630736116470519,0.166923170895425,0.0264837144633701,0.44780464749163,FALSE,0.408494679278199,FALSE,0.420022657248639,FALSE,0.402546492475389,FALSE,0,1.67886847649386,FALSE
"38","1772",-94.408,46.341585,0.151352090208536,0.0268601907507103,12,1.737067695205,5.18670316386584,0.699663965373761,0.162863581485278,0.0281172467371018,0.44780464749163,FALSE,0.464612762107075,FALSE,0.43093687921381,FALSE,0.365794198636287,FALSE,0,1.7091484874488,FALSE
"39","1813",-97.27683,45.501375,0.163430764924743,0.0242355625217428,13,1.51832583109207,7.68295033973102,0.652203632956151,0.188538309374883,0.0251495037351483,0.603518256066325,FALSE,0.883178041771395,TRUE,0.547538812186759,FALSE,0.593520638580633,FALSE,0,2.62775574860511,TRUE
"40","1814",-93.6305,45.03503,0.17847183258973,0.0300612099324565,13,1.82627466908526,4.24362152092971,0.60878527794672,0.200106915916833,0.0301290972968558,0.603518256066325,FALSE,0.248061601198327,FALSE,0.677747322527813,FALSE,0.683642934018288,TRUE,1,2.21297011381075,TRUE
"41","1815",-92.010535,48.098755,0.17581492832485,0.0304617328110466,11,1.68032342525681,4.61054761765863,0.611215747003878,0.194092073140569,0.030060034771068,0.295995182347952,FALSE,0.329712351648546,FALSE,0.656418058545518,FALSE,0.638260765939695,FALSE,0,1.92038635848171,TRUE
"42","1820",-93.273056,45.780556,0.156227617193889,0.0266759092524496,12,1.61274661774746,4.92628522409292,0.58350166763274,0.173366573310085,0.0274987728662059,0.44780464749163,FALSE,0.403449933761431,FALSE,0.478734929108027,FALSE,0.461061760746184,FALSE,0,1.79105127110727,FALSE
"43","1827",-95.316667,46.966667,0.166815729850193,0.026826086563463,14,1.81004426138258,5.6808815551542,0.791394281513558,0.185901575796756,0.0279128968956109,0.740900825731739,FALSE,0.576384635374841,FALSE,0.578682225310299,FALSE,0.571438940935619,FALSE,0,2.4674066273525,TRUE
"44","1833",-93.9,42.16,0.167804245954039,0.0276238750589412,13,1.7389011715156,6.23464124537555,0.633871438284393,0.18858661797032,0.033725338559502,0.603518256066325,FALSE,0.68769749224674,FALSE,0.587599410279381,FALSE,0.593920462698187,FALSE,0,2.47273562129063,FALSE
"45","1891",-93.563475,44.60587,0.155943739428415,0.0246205935292026,11,1.52386740606592,5.14107497802269,0.599906752398104,0.161600102115394,0.0272835577294243,0.295995182347952,FALSE,0.453945791440293,FALSE,0.475970551340127,FALSE,0.35443884642331,FALSE,0,1.58035037155168,FALSE
"46","1901",-94.113,47.081,0.145917007552647,0.024766820278105,12,1.64071400415961,4.13067354250757,0.538967865840054,0.161101980746303,0.0266128011570732,0.44780464749163,FALSE,0.224441636341976,FALSE,0.377397177693166,FALSE,0.349977217398774,FALSE,0,1.39962067892555,TRUE
"47","1979",-95.284167,46.211944,0.160289915251897,0.0239596382127851,14,1.47296862506917,7.5955893393751,0.78239491364435,0.171394131114446,0.0251215087698467,0.740900825731739,FALSE,0.875190787476682,TRUE,0.517899734406366,FALSE,0.443185603443007,FALSE,0,2.57717695105779,FALSE
"48","1991",-95.575,46.922222,0.142161273384867,0.0256973311521994,14,0.977439642118865,7.79307087101101,0.766300489015099,0.176348128463171,0.0257538667724566,0.740900825731739,FALSE,0.892643991808748,TRUE,0.34074490882065,FALSE,0.487917145765493,FALSE,0,2.46220687212663,TRUE
"49","2231",-91.458333,45.283333,0.162534810181631,0.0274474492873208,13,1.68574063277838,5.35136765488945,0.672774031353385,0.174882367807951,0.0295164551535038,0.603518256066325,FALSE,0.502747112712285,FALSE,0.539150823674503,FALSE,0.474745436469983,FALSE,0,2.1201616289231,FALSE
"50","2235",-93.858975,44.87083,0.201196942654868,0.0281656967803948,16,1.74771433798857,7.39953629578688,0.793984229452071,0.224435045891017,0.0267782637688451,0.917254108894663,TRUE,0.855650927875586,TRUE,0.82580906679435,TRUE,0.829788870556617,TRUE,2,3.42850297412122,FALSE
"51","2293",-91.866667,47.916667,0.145553752062154,0.0284819629159109,11,1.64705645297541,3.90738615800109,0.538274732712836,0.172745978523114,0.032150083837491,0.295995182347952,FALSE,0.180573345379627,FALSE,0.373832187879174,FALSE,0.455444561741201,FALSE,0,1.30584527734795,TRUE
"52","2301",-94.20414,44.895835,0.182953541012013,0.0245041595179956,16,1.90306904025377,8.47230171408505,0.867938825508616,0.190693530833358,0.0246176416070317,0.917254108894663,TRUE,0.937924055912205,TRUE,0.711884273807824,TRUE,0.611182482099459,FALSE,1,3.17824492071415,FALSE
"53","2500",-93.466667,45.725,0.194583873455483,0.0252211019052202,13,1.56116907223998,5.47590943144706,0.597506069388998,0.202154741132394,0.0265460463012468,0.603518256066325,FALSE,0.531074628554871,FALSE,0.789171534230593,TRUE,0.698300936692283,TRUE,1,2.62206535554407,TRUE
"54","2501",-93.408333,45.572222,0.169396329869956,0.0267594596142793,13,1.79430212654495,5.54707562557835,0.655800464911344,0.174507978496328,0.0271926212440432,0.603518256066325,FALSE,0.54700896264823,FALSE,0.601778025489018,FALSE,0.471371009823375,FALSE,0,2.22367625402695,FALSE
"55","2519",-93.691667,44.891667,0.191063335170381,0.0292538637626148,13,1.72857337762491,5.21063403676179,0.64251154089976,0.202212393469645,0.0285464462425786,0.603518256066325,FALSE,0.470192814556968,FALSE,0.767519835386989,TRUE,0.698707560637789,TRUE,1,2.53993846664807,FALSE
"56","2534",-91.45,44.15,0.234775740347384,0.0335191788053544,10,1.46763331071119,4.1530440698285,0.465834811805269,0.276679528646421,0.0325777400358025,0.170284970649952,FALSE,0.229050017720149,FALSE,0.942152711690441,TRUE,0.968856621730835,TRUE,1,2.31034432179138,FALSE
"57","2548",-95.786645,47.19324,0.156627159022995,0.0250479008815921,15,1.58893899566395,7.96701034016118,0.890924836415504,0.175915716504233,0.0275444876614481,0.846292840164151,TRUE,0.906294675890083,TRUE,0.482620406709782,FALSE,0.484038350117707,FALSE,1,2.71924627288172,TRUE
"58","2550",-96.09332,47.19482,0.189743372752386,0.0254004710645687,14,1.76621979323337,8.555733092721,0.789648169388112,0.19455770829507,0.0277736982810913,0.740900825731739,FALSE,0.942137137272886,TRUE,0.759011685134636,TRUE,0.641893105282138,FALSE,0,3.0839427534214,TRUE
"59","2792",-95.306944,46.184444,0.166790897183546,0.0259873942540222,12,1.24735181399256,5.82137322524503,0.660635972346333,0.185330895176536,0.0268455628038351,0.44780464749163,FALSE,0.606295363594568,FALSE,0.578457129938836,FALSE,0.566595594274317,FALSE,0,2.19915273529935,FALSE
"60","2849",-91.66,47.471667,0.157497271278051,0.0283198659794387,11,1.43929377006103,5.1099817015996,0.548017301939506,0.175928331108933,0.0316075207920464,0.295995182347952,FALSE,0.446659019005321,FALSE,0.491059450235577,FALSE,0.484151591370103,FALSE,0,1.71786524295895,TRUE
"61","2851",-94.95,46.95,0.158166996117134,0.0252179786373144,13,1.68322132699145,4.23411874477438,0.61959923986474,0.174223279090384,0.0276914655863893,0.603518256066325,FALSE,0.246041586676823,FALSE,0.497532104987785,FALSE,0.468802513415844,FALSE,0,1.81589446114678,TRUE
"62","2855",-93.102778,46.086111,0.1482875845959,0.0251418061374672,12,1.7046017688118,4.98768235077948,0.630575681883114,0.165533837299865,0.0270277006453316,0.44780464749163,FALSE,0.417906634663592,FALSE,0.400724065046928,FALSE,0.389934932247855,FALSE,0,1.65637027945001,FALSE
"63","2933",-93.57276,45.005015,0.180126173057073,0.0310592498108527,14,1.94387251737626,4.51485921974992,0.701577199545544,0.193896723559143,0.0315069881484327,0.740900825731739,FALSE,0.307840336200573,FALSE,0.690622287710308,FALSE,0.636731162159425,FALSE,0,2.37609461180205,FALSE
"64","2937",-90.083333,45.333333,0.161921453509395,0.0294445161621461,12,1.71170146517254,5.50447067318731,0.581050610841936,0.196350471339257,0.0338066035781552,0.44780464749163,FALSE,0.537493513497021,FALSE,0.533376684463002,FALSE,0.655695804455003,FALSE,0,2.17437064990666,TRUE
"65","6477",-91.500278,42.986111,0.219879885878324,0.0259174157208317,14,1.35717282258929,6.41639554063858,0.734879930996955,0.234015812930531,0.0290913679143433,0.740900825731739,FALSE,0.720018417083347,FALSE,0.903185476022608,TRUE,0.870843827372893,TRUE,1,3.23494854621059,FALSE
"66","6511",-93.1545,45.4935,0.16677729955364,0.0283141924901837,14,1.80587181068976,6.36764790774238,0.752022689253544,0.190879813762672,0.0262877866696809,0.740900825731739,FALSE,0.711569474320101,FALSE,0.578333852178854,FALSE,0.612691750579055,FALSE,0,2.64349590280975,FALSE
"67","6514",-94.591,44.99,0.174637487725671,0.0222310010126731,16,1.49495759969244,8.45063776100834,0.712930790116872,0.192275082125056,0.0222761573747037,0.917254108894663,TRUE,0.936787301443032,TRUE,0.646715946813779,FALSE,0.623905404243266,FALSE,1,3.12466276139474,FALSE
"68","6515",-93.66005,46.51205,0.202320617220132,0.0284262744847665,14,1.761928194936,5.45677877489868,0.720616329916772,0.205944088255445,0.031386059213775,0.740900825731739,FALSE,0.526758039371621,FALSE,0.831523236697682,TRUE,0.724310249979147,TRUE,1,2.82349235178019,FALSE
"69","6521",-94.4935,44.709,0.219560378967656,0.0246960822306601,17,1.38419947715685,10.6950062597103,0.735201959187472,0.218876134626932,0.0255881800089354,0.959533619205901,TRUE,0.99210757295651,TRUE,0.902152836256438,TRUE,0.80181780286776,TRUE,2,3.65561183128661,FALSE
"70","7531",-95.24005,45.45,0.172836239272004,0.0264346713685988,16,1.80120641375322,7.21548562575724,0.901355109431845,0.183785808381691,0.0249009197560623,0.917254108894663,TRUE,0.835167075528561,TRUE,0.631587017553269,FALSE,0.553375784169412,FALSE,1,2.9373839861459,FALSE
"71","7532",-95.68015,44.6173,0.285997895136469,0.0297224921611522,12,1.34763300341981,5.81777340993643,0.575183054027625,0.294845007654617,0.0304753068203436,0.44780464749163,FALSE,0.605541905149621,FALSE,0.992487981108388,TRUE,0.984414992631848,TRUE,1,3.03024952638149,FALSE
"72","7537",-93.218805,44.5635,0.163758326400226,0.0219147270848164,15,1.34438927875577,6.41723902560439,0.662052666856327,0.171657574095098,0.0238978166303456,0.846292840164151,TRUE,0.720163177640988,TRUE,0.550591157510973,FALSE,0.445576683502301,FALSE,1,2.56262385881841,FALSE
"73","7538",-95.55285,45.80155,0.172521930882827,0.0258759313588243,16,1.6533569792164,8.41734170653493,0.933385825853747,0.181968467888042,0.0265016252084222,0.917254108894663,TRUE,0.93500489924261,TRUE,0.628912405219464,FALSE,0.537639935403146,FALSE,1,3.01881134875988,FALSE
"74","7539",-95.26345,46.05545,0.16592532506993,0.0253531149143872,14,1.68988028414248,5.82768996488808,0.711871420480355,0.17759057642545,0.0270132175758149,0.740900825731739,FALSE,0.607615777999681,FALSE,0.570578771470009,FALSE,0.499025719193705,FALSE,0,2.41812109439513,FALSE
"75","7540",-95.4609,45.8576,0.166832188894429,0.0250371340188455,16,1.7697700398101,8.25021531391318,1.00341030421739,0.173673872056025,0.0255873630990179,0.917254108894663,TRUE,0.925385432605314,TRUE,0.578831389164583,FALSE,0.463840278333773,FALSE,1,2.88531120899833,FALSE
"76","7541",-95.7125,45.6745,0.196719896535196,0.0255321183745186,16,1.75020098390018,9.0247365970226,0.88602113778403,0.203094165180209,0.0289523243478042,0.917254108894663,TRUE,0.961462242091925,TRUE,0.801575420587749,TRUE,0.704885066175676,TRUE,2,3.38517683775001,TRUE
"77","7542",-95.34235,45.81725,0.170062553321687,0.025002403302948,16,1.88312862756025,8.49973342444614,0.959932961307112,0.184861389702277,0.0246705537217674,0.917254108894663,TRUE,0.939337885038101,TRUE,0.607641488551376,FALSE,0.562594702681754,FALSE,1,3.02682818516589,FALSE
"78","7543",-93.284,43.65255,0.229275164733101,0.0278909643520723,11,0.782639347333937,6.00879931795746,0.664498081159734,0.232836617821791,0.0315998168962498,0.295995182347952,FALSE,0.644507590395839,FALSE,0.929717159534607,TRUE,0.866257770206381,TRUE,1,2.73647770248478,FALSE
"79","7549",-93.43875,43.6176,0.222873520663028,0.0298590713222556,15,1.7454132201265,5.14759658622415,0.706581144968759,0.244911957816404,0.0294815291921091,0.846292840164151,TRUE,0.455472437394383,FALSE,0.912426626802696,TRUE,0.907537900088417,TRUE,2,3.12172980444965,FALSE
"80","8551",-93.4132,44.5924,0.183786262010793,0.030628205381236,12,1.44518979496929,5.45822704550737,0.513132311122169,0.222947530113519,0.0245336056015341,0.44780464749163,FALSE,0.52708529266376,FALSE,0.71796493841672,TRUE,0.822611964740246,TRUE,1,2.51546684331236,FALSE
"81","8552",-93.84015,44.21895,0.204276258356492,0.0322319081057133,10,1.139938498526,2.98148707251707,0.387080574376565,0.256433401731614,0.0315881204857314,0.170284970649952,FALSE,0.0510525156586061,FALSE,0.841123714900769,TRUE,0.936498459486547,TRUE,1,1.99895966069587,FALSE
"82","8561",-96.18675,46.5986,0.162918642141019,0.0227293383274735,14,1.32364443855968,7.78880559540874,0.661511511943355,0.183425404885508,0.0231219111672612,0.740900825731739,FALSE,0.892289535764593,TRUE,0.542751186726547,FALSE,0.550270639201965,FALSE,0,2.72621218742484,FALSE
"83","8566",-95.39015,45.40595,0.194108843320369,0.025143100194741,16,1.62970872849049,8.38934183364269,0.757453502195068,0.209396822009355,0.0266097227340639,0.917254108894663,TRUE,0.933472404683296,TRUE,0.78633809455115,TRUE,0.746719770644519,TRUE,2,3.38378437877363,FALSE
"84","8567",-91.166,46.30235,0.153367900398344,0.0259246916114637,12,1.64689080496303,4.71275489367903,0.621104309518044,0.178722384162324,0.0278093828786651,0.44780464749163,FALSE,0.353383056584322,FALSE,0.450767903012376,FALSE,0.509093041421135,FALSE,0,1.76104864850946,TRUE
"85","8572",-91.4935,46.3815,0.149421140735847,0.027623141176696,10,1.63944501717291,3.25365344109295,0.453701701501544,0.174038205404023,0.0292889930811535,0.170284970649952,FALSE,0.0795433490829256,FALSE,0.411900161734139,FALSE,0.46713173255195,FALSE,0,1.12886021401897,TRUE
"86","8573",-90.608,45.19145,0.188589275200096,0.033165958612498,12,1.79874901614239,5.4056517941227,0.600223234708273,0.215036751204164,0.0377746847358209,0.44780464749163,FALSE,0.515157954468735,FALSE,0.75139783682411,TRUE,0.780637288015049,TRUE,1,2.49499772679952,FALSE
"87","9688",-94.878745,45.19932,0.0915733571680922,0.0207254979200904,8,0.675737337733327,4.54063505442183,0.446783729155344,0.0997748193743634,0.0227419417262988,0.0335614932214356,FALSE,0.313699883616365,FALSE,0.0221422329696078,FALSE,0.0146301458842989,FALSE,0,0.384033755691708,FALSE
"88","9735",-95.896225,46.77186,0.199572478325087,0.0276701621682479,13,1.61249409653482,6.5110799680683,0.651396228620275,0.218265462792094,0.0297131476624597,0.603518256066325,FALSE,0.735962298246203,TRUE,0.81728913632882,TRUE,0.798551677968654,TRUE,1,2.95532136861,FALSE
"89","9762",-95.272065,45.44376,0.17409438646243,0.0241825441477517,16,1.71137211791851,8.93241503291866,0.951399154791825,0.190519233421847,0.0249563550602588,0.917254108894663,TRUE,0.958190357496109,TRUE,0.642190438166249,FALSE,0.609767776359245,FALSE,1,3.12740268091626,FALSE
"90","9768",-92.21898,45.786565,0.1531385267707,0.0267213280663728,12,1.697849319448,4.12232685533874,0.578538769109406,0.168900176047219,0.0282628275857787,0.44780464749163,FALSE,0.222731450484218,FALSE,0.448515064795347,FALSE,0.420519762082731,FALSE,0,1.53957092485393,FALSE
"91","9824",-93.63978,44.19291,0.0689039370202959,0.020713103323996,8,0.689729096986079,3.07120317376303,0.34905708036429,0.083263426454191,0.0232061578912179,0.0335614932214356,FALSE,0.0595572402919711,FALSE,0.0013202631211171,FALSE,0.00232797488772545,FALSE,0,0.0967669715222493,FALSE
"92","9825",-93.365935,44.354435,0.0690822873012602,0.0221091532582005,8,0.699030007631148,2.75286148340948,0.347699179503676,0.0864919470477754,0.0252206234392543,0.0335614932214356,FALSE,0.0331371280716133,FALSE,0.00135962300835606,FALSE,0.00352784619193647,FALSE,0,0.0715860904933414,FALSE
"93","9826",-93.73915,45.141805,0.140145904947202,0.028908085358496,8,0.681672283396972,4.75540433740733,0.475479508389457,0.14353094109573,0.0288141320552333,0.0335614932214356,FALSE,0.363332390642054,FALSE,0.321334543780458,FALSE,0.20324164701088,FALSE,0,0.921470074654826,FALSE
"94","9867",-93.3212,44.693385,0.0722494170086483,0.0213418454809417,7,0.792996388472132,2.95783936530581,0.352484391302325,0.0901149778829384,0.0251330966917686,0.0108377900972894,FALSE,0.0489527453167057,FALSE,0.00223822036860141,FALSE,0.00542863565933795,FALSE,0,0.0674573914419344,TRUE
"95","9869",-94.473645,43.60715,0.102904769303288,0.0245634365959736,8,0.534950412175348,4.90468482494314,0.426415955876301,0.128111487687294,0.0266705802704379,0.0335614932214356,FALSE,0.398365386442459,FALSE,0.0553277938104513,FALSE,0.103943825481875,FALSE,0,0.59119849895622,FALSE
"96","9870",-94.0929,45.16204,0.0729661894665756,0.0220822279431563,7,0.843099655707611,2.93562699300989,0.349050833151849,0.080812017470438,0.0223530732206321,0.0108377900972894,FALSE,0.0470335771643997,FALSE,0.00249099365153371,FALSE,0.00166128124463241,FALSE,0,0.0620236421578552,FALSE
"97","9871",-93.212125,44.333485,0.087512330549951,0.019205708409719,8,0.688576403979567,4.10434825997208,0.429410664773403,0.105752874175754,0.0234712320153755,0.0335614932214356,FALSE,0.219065127179625,FALSE,0.0149340416471088,FALSE,0.02452055281571,FALSE,0,0.29208121486388,FALSE
"98","9872",-93.665425,44.229535,0.077074027344375,0.0258414506057081,8,0.871037658424701,2.6228806999622,0.319058986393297,0.0898958232512257,0.0284252469992037,0.0335614932214356,FALSE,0.0251952412387401,FALSE,0.00442871356130781,FALSE,0.00529423128644971,FALSE,0,0.0684796793079333,FALSE
"99","9873",-93.4604842,44.6510154,0.0782509807485878,0.0236312394392517,8,0.941411170778963,2.88793393529688,0.35146350985804,0.0880589572468086,0.0248041035005799,0.0335614932214356,FALSE,0.0430848077877377,FALSE,0.00516484665574373,FALSE,0.00426950713776491,FALSE,0,0.0860806548026819,FALSE
"100","9874",-93.93439,44.808755,0.0742406951776271,0.0214064411392984,7,0.57710700166358,3.41418114943112,0.356435655488117,0.0904331577717991,0.0206275221749388,0.0108377900972894,FALSE,0.100158589084387,FALSE,0.00299800908409053,FALSE,0.00562862259633675,FALSE,0,0.119623010862104,FALSE
"101","9875",-93.914375,44.313795,0.0876119717927407,0.0232791714895629,8,0.63271493098813,3.44881729957686,0.41407774602586,0.0938857752723932,0.0228992251761405,0.0335614932214356,FALSE,0.104977940444471,FALSE,0.0150862321417884,FALSE,0.00820046237974899,FALSE,0,0.161826128187444,FALSE
"102","9876",-94.075455,45.421695,0.0728519771196731,0.0193972843216661,8,0.776227015816562,3.91734544590058,0.421692133884032,0.0926823887812613,0.0220135142461533,0.0335614932214356,FALSE,0.18244140876107,FALSE,0.00244921964913821,FALSE,0.0072161533318629,FALSE,0,0.225668274963507,FALSE
"103","9953",-95.47561,45.89346,0.170317957613509,0.0264353495144811,15,1.64270326752196,7.94200340879835,0.927165450316213,0.179806770075579,0.0276744794114327,0.846292840164151,TRUE,0.904426639895444,TRUE,0.609878102885078,FALSE,0.518686569288446,FALSE,1,2.87928415223312,FALSE
"104","9987",-95.80385,45.8668,0.227228211764715,0.0291228651452642,19,2.00307035522025,10.1344383137566,1.17516501247777,0.278673648695594,0.0279011683618838,0.992682798148775,TRUE,0.986262650830835,TRUE,0.924536483825272,TRUE,0.971066758085913,TRUE,2,3.87454869089079,FALSE
"105","10091",-95.21787,47.18919,0.172139914132107,0.0272583497630219,15,1.72392220808335,5.0660469613021,0.717480785519826,0.184408047878735,0.0286027371756867,0.846292840164151,TRUE,0.436343372308589,FALSE,0.625648017556161,FALSE,0.558717981689966,FALSE,1,2.46700221171887,TRUE
"106","10132",-95.27284,47.22823,0.155076354136254,0.0274989732004874,12,1.75432917584757,3.81837704784802,0.577684017513001,0.175529466032972,0.0297289601433893,0.44780464749163,FALSE,0.164276198651953,FALSE,0.467506291906487,FALSE,0.480568552821411,FALSE,0,1.56015569087148,TRUE
"107","10134",-93.06903,45.590765,0.194531269847309,0.0286111952361641,17,1.95702072818132,7.46062591688443,0.9435813896235,0.213594590052893,0.0283022033364543,0.959533619205901,TRUE,0.861985348641496,TRUE,0.788859113498002,TRUE,0.772282666162755,TRUE,2,3.38266074750816,FALSE
"108","10135",-95.32412,46.165285,0.182004682882847,0.0240917311334161,16,1.98764188407707,9.18668078709263,0.995828022853504,0.19725721581538,0.0258660883424358,0.917254108894663,TRUE,0.96665179435901,TRUE,0.704854406709127,TRUE,0.662564404413653,TRUE,2,3.25132471437645,FALSE
"109","10146",-94.66923,46.95391,0.142973789255511,0.0282006051933612,10,1.66682734064564,2.84473511647882,0.409109855744172,0.171185263751963,0.0325848156875563,0.170284970649952,FALSE,0.0397075205980299,FALSE,0.348628747783592,FALSE,0.441289261212402,FALSE,0,0.999910500243975,TRUE
"110","10156",-93.556405,44.988845,0.182049062772003,0.0292410453378011,14,1.84507291824273,4.64579370699817,0.699743912145089,0.19876785496204,0.0318224166371239,0.740900825731739,FALSE,0.337843816085833,FALSE,0.705185598346379,TRUE,0.673835422137023,TRUE,1,2.45776566230097,FALSE
"111","10169",-93.574555,45.00373,0.230728158337135,0.0346736936272521,13,1.92220582559657,4.92660212899623,0.656277953858924,0.275614971306216,0.0336858238036932,0.603518256066325,FALSE,0.40352454233032,FALSE,0.93320698984823,TRUE,0.967616397289889,TRUE,1,2.90786618553476,TRUE
"112","10211",-95.398395,47.683805,0.135308869340034,0.0251091638137283,12,1.54857659553468,4.14313487869479,0.606719650463657,0.15592160459789,0.026544398427634,0.44780464749163,FALSE,0.227004279451212,FALSE,0.275871121139378,FALSE,0.304259786990376,FALSE,0,1.2549398350726,TRUE
"113","10240",-92.125,46.013,0.158057860062834,0.0272436655925388,12,1.80034977028563,3.72997382241001,0.551432410842036,0.169085967622627,0.0286667502596862,0.44780464749163,FALSE,0.148828338592396,FALSE,0.496478774786257,FALSE,0.422209304915696,FALSE,0,1.51532106578598,FALSE
"114","10352",-91.19829,46.3073,0.156190253351161,0.0273849110100765,10,1.73809634218774,3.6101335646325,0.484171866315404,0.1822881203247,0.0300528138091191,0.170284970649952,FALSE,0.129127254199731,FALSE,0.478371255913157,FALSE,0.540421533133343,FALSE,0,1.31820501389618,TRUE
"115","10412",-92.03985,46.11935,0.15802407288663,0.0311945960796755,10,1.74409044223893,2.71866352874192,0.407898636316173,0.182782530095347,0.0338944632124655,0.170284970649952,FALSE,0.0308978193493185,FALSE,0.496152561632615,FALSE,0.54471247310458,FALSE,0,1.24204782473647,FALSE
"116","11606",-94.68138,46.973155,0.147752314253674,0.0276871801752,12,1.79086156389959,3.69412880461322,0.545511310945056,0.166878005648068,0.0288670345597112,0.44780464749163,FALSE,0.142783008146258,FALSE,0.395449814257871,FALSE,0.402136160534607,FALSE,0,1.38817363043037,TRUE
"117","11620",-94.698115,43.6774,0.207897068136375,0.0305527788641975,16,1.99442151917645,8.02837029589671,0.913497510020423,0.266453684581081,0.0313338042134999,0.917254108894663,TRUE,0.910748522942666,TRUE,0.857770801783887,TRUE,0.955006524658073,TRUE,2,3.64077995827929,FALSE
"118","13348",-92.365,45.932,0.149119743011342,0.0259184014869984,12,1.62414107361786,4.99534008169499,0.60413304579325,0.165742220238918,0.0284293549674484,0.44780464749163,FALSE,0.41970952209173,FALSE,0.408928056592699,FALSE,0.391824869317019,FALSE,0,1.66826709549308,FALSE
"119","13349",-92.273,45.901,0.150274485557116,0.0263638978729986,12,1.62078053256607,4.70819334638202,0.602293549137852,0.167382388476567,0.0289158820902826,0.44780464749163,FALSE,0.352321123900477,FALSE,0.42031510791922,FALSE,0.406719518710468,FALSE,0,1.6271603980218,FALSE
"120","26673",-92.06504,46.73338,0.167248912147723,0.0303784890846329,12,1.7649944435455,3.94833585239243,0.593396276969018,0.182361712956975,0.0315801062642317,0.44780464749163,FALSE,0.18830989272801,FALSE,0.58260030645488,FALSE,0.54106112038489,FALSE,0,1.75977596705941,FALSE
